{"stats":{"minecraft:picked_up":{"minecraft:charcoal":20,"minecraft:crafting_table":5,"minecraft:feather":5,"minecraft:cooked_beef":5,"minecraft:chicken":5,"minecraft:leather":11,"minecraft:oak_log":54,"minecraft:golden_boots":1,"minecraft:gunpowder":2,"minecraft:dirt":24,"minecraft:string":8,"minecraft:cooked_mutton":1,"minecraft:bone":2,"minecraft:wheat_seeds":4,"minecraft:beef":19,"minecraft:egg":2,"minecraft:furnace":4,"minecraft:stick":9,"minecraft:raw_iron":7,"minecraft:cooked_porkchop":7,"minecraft:dandelion":1,"minecraft:porkchop":14,"iceandfire:rotten_egg":1,"tombstone:grave_dust":1,"minecraft:spider_eye":1,"minecraft:arrow":4,"everlastingabilities:ability_bottle":1,"alexsmobs:maggot":1,"minecraft:oak_sapling":14,"minecraft:mutton":22,"minecraft:white_wool":15,"minecraft:cobblestone":66},"minecraft:crafted":{"minecraft:cooked_beef":7,"minecraft:oak_planks":96,"sophisticatedbackpacks:backpack":2,"minecraft:cooked_porkchop":4,"minecraft:crafting_table":1,"minecraft:cooked_chicken":8,"minecraft:wooden_pickaxe":1,"minecraft:stone_axe":2,"minecraft:air":0,"minecraft:charcoal":17,"minecraft:stick":8,"minecraft:stone_pickaxe":1,"minecraft:stone_sword":1,"minecraft:chest":2,"minecraft:white_bed":2,"minecraft:torch":4},"minecraft:dropped":{"minecraft:furnace":2,"minecraft:porkchop":3,"minecraft:wheat_seeds":2,"minecraft:chicken":5,"sophisticatedbackpacks:backpack":1,"minecraft:white_bed":1,"minecraft:mutton":21,"minecraft:charcoal":14,"minecraft:beef":11,"minecraft:dandelion":1},"minecraft:killed_by":{"minecraft:player":1,"minecraft:spider":1},"minecraft:killed":{"minecraft:pig":7,"minecraft:spider":6,"majruszsdifficulty:cursed_armor":1,"minecraft:creeper":1,"minecraft:skeleton":1,"minecraft:sheep":14,"minecraft:zombie":1,"minecraft:chicken":5,"minecraft:cow":4},"minecraft:used":{"minecraft:stone_sword":4,"minecraft:stone_pickaxe":50,"minecraft:wooden_pickaxe":24,"minecraft:cooked_chicken":2,"minecraft:torch":1,"minecraft:dirt":5,"minecraft:crafting_table":4,"minecraft:stone_axe":127,"minecraft:furnace":2,"tombstone:gift":2,"minecraft:egg":2,"minecraft:cooked_beef":6},"minecraft:mined":{"minecraft:dandelion":1,"minecraft:crafting_table":5,"minecraft:grass_block":2,"minecraft:tall_grass":1,"minecraft:air":8,"minecraft:furnace":4,"minecraft:iron_ore":7,"minecraft:grass":21,"minecraft:oak_log":41,"minecraft:dirt":7,"minecraft:stone":62,"minecraft:oak_leaves":7},"minecraft:broken":{"minecraft:golden_boots":1,"minecraft:stone_axe":1},"minecraft:custom":{"minecraft:interact_with_furnace":33,"minecraft:mob_kills":48,"minecraft:animals_bred":1,"minecraft:interact_with_crafting_table":13,"minecraft:time_since_death":1098,"minecraft:time_since_rest":385,"minecraft:sprint_one_cm":194455,"minecraft:damage_taken":2145,"minecraft:walk_one_cm":77186,"minecraft:drop":10,"minecraft:damage_dealt":4925,"minecraft:fly_one_cm":255527,"minecraft:open_chest":4,"minecraft:crouch_one_cm":944,"minecraft:play_time":50515,"tombstone:undead_killed":2,"minecraft:deaths":7,"minecraft:sneak_time":344,"minecraft:jump":1018,"minecraft:total_world_time":50515,"minecraft:fall_one_cm":22397}},"DataVersion":3465}