{"stats":{"minecraft:picked_up":{"minecraft:stick":9,"minecraft:feather":2,"minecraft:chicken":2,"minecraft:leather":5,"minecraft:porkchop":11,"minecraft:oak_log":54,"iceandfire:rotten_egg":1,"minecraft:gunpowder":2,"minecraft:dirt":24,"minecraft:wheat_seeds":1,"minecraft:beef":8,"everlastingabilities:ability_bottle":1,"alexsmobs:maggot":1,"minecraft:oak_sapling":14,"minecraft:mutton":4,"minecraft:white_wool":2,"minecraft:cobblestone":66,"minecraft:egg":1},"minecraft:crafted":{"minecraft:cooked_beef":3,"minecraft:oak_planks":96,"minecraft:charcoal":17,"minecraft:cooked_porkchop":4,"minecraft:crafting_table":1,"minecraft:stick":8,"minecraft:wooden_pickaxe":1,"minecraft:stone_pickaxe":1,"minecraft:stone_sword":1,"minecraft:torch":4,"minecraft:stone_axe":1,"minecraft:air":0},"minecraft:killed":{"minecraft:sheep":2,"minecraft:pig":5,"minecraft:chicken":2,"minecraft:creeper":1,"minecraft:cow":4},"minecraft:used":{"minecraft:stone_sword":1,"minecraft:stone_pickaxe":38,"minecraft:wooden_pickaxe":24,"minecraft:stone_axe":65,"minecraft:torch":1,"minecraft:dirt":5,"minecraft:cooked_beef":2},"minecraft:mined":{"minecraft:air":8,"minecraft:grass":11,"minecraft:oak_log":41,"minecraft:grass_block":2,"minecraft:dirt":7,"minecraft:stone":62,"minecraft:oak_leaves":7},"minecraft:custom":{"minecraft:time_since_rest":572,"minecraft:interact_with_furnace":27,"minecraft:sprint_one_cm":75435,"minecraft:damage_taken":380,"minecraft:walk_one_cm":47575,"minecraft:mob_kills":14,"minecraft:animals_bred":1,"minecraft:damage_dealt":1399,"minecraft:interact_with_crafting_table":6,"minecraft:fly_one_cm":12545,"minecraft:crouch_one_cm":929,"minecraft:play_time":26515,"minecraft:deaths":1,"minecraft:sneak_time":304,"minecraft:jump":153,"minecraft:time_since_death":2124,"minecraft:total_world_time":26515,"minecraft:fall_one_cm":781}},"DataVersion":3465}