{"stats":{"minecraft:picked_up":{"minecraft:charcoal":14,"minecraft:crafting_table":2,"minecraft:stick":9,"minecraft:raw_iron":7,"minecraft:cooked_beef":5,"minecraft:feather":5,"minecraft:chicken":5,"minecraft:cooked_porkchop":7,"minecraft:leather":11,"minecraft:porkchop":14,"minecraft:oak_log":54,"iceandfire:rotten_egg":1,"minecraft:gunpowder":2,"minecraft:string":3,"minecraft:spider_eye":1,"minecraft:dirt":24,"minecraft:arrow":2,"minecraft:wheat_seeds":4,"minecraft:beef":19,"everlastingabilities:ability_bottle":1,"alexsmobs:maggot":1,"minecraft:oak_sapling":14,"minecraft:mutton":22,"minecraft:furnace":2,"minecraft:white_wool":15,"minecraft:cobblestone":66,"minecraft:egg":2},"minecraft:crafted":{"minecraft:cooked_beef":7,"minecraft:oak_planks":96,"minecraft:charcoal":17,"minecraft:cooked_porkchop":4,"minecraft:crafting_table":1,"minecraft:stick":8,"minecraft:wooden_pickaxe":1,"minecraft:stone_pickaxe":1,"minecraft:stone_sword":1,"minecraft:torch":4,"minecraft:stone_axe":2,"minecraft:air":0},"minecraft:dropped":{"minecraft:porkchop":3,"minecraft:charcoal":14,"minecraft:mutton":21,"minecraft:chicken":5,"minecraft:beef":11,"minecraft:furnace":2},"minecraft:killed":{"minecraft:sheep":14,"minecraft:zombie":1,"minecraft:pig":7,"minecraft:chicken":5,"minecraft:spider":2,"minecraft:creeper":1,"minecraft:cow":4},"minecraft:used":{"minecraft:stone_sword":4,"minecraft:stone_pickaxe":47,"minecraft:wooden_pickaxe":24,"minecraft:stone_axe":105,"minecraft:torch":1,"minecraft:dirt":5,"minecraft:crafting_table":1,"tombstone:gift":2,"minecraft:egg":2,"minecraft:cooked_beef":5},"minecraft:mined":{"minecraft:air":8,"minecraft:furnace":2,"minecraft:iron_ore":7,"minecraft:crafting_table":2,"minecraft:grass":20,"minecraft:oak_log":41,"minecraft:grass_block":2,"minecraft:dirt":7,"minecraft:tall_grass":1,"minecraft:stone":62,"minecraft:oak_leaves":7},"minecraft:broken":{"minecraft:stone_axe":1},"minecraft:custom":{"minecraft:time_since_rest":1,"minecraft:interact_with_furnace":28,"minecraft:sprint_one_cm":139074,"minecraft:damage_taken":965,"minecraft:walk_one_cm":65332,"minecraft:mob_kills":42,"minecraft:drop":6,"minecraft:animals_bred":1,"minecraft:damage_dealt":3939,"minecraft:interact_with_crafting_table":8,"minecraft:fly_one_cm":138297,"minecraft:crouch_one_cm":929,"minecraft:play_time":38515,"tombstone:undead_killed":1,"minecraft:deaths":3,"minecraft:sneak_time":320,"minecraft:jump":597,"minecraft:time_since_death":970,"minecraft:total_world_time":38515,"minecraft:fall_one_cm":14401}},"DataVersion":3465}