{"stats":{"minecraft:crafted":{"minecraft:oak_planks":64,"minecraft:charcoal":1,"minecraft:crafting_table":1,"minecraft:stick":8,"minecraft:wooden_pickaxe":1,"minecraft:stone_pickaxe":1,"minecraft:stone_sword":1,"minecraft:torch":4,"minecraft:stone_axe":1,"minecraft:air":0},"minecraft:picked_up":{"minecraft:stick":6,"minecraft:chicken":1,"minecraft:porkchop":6,"minecraft:oak_log":16,"iceandfire:rotten_egg":1,"minecraft:gunpowder":2,"minecraft:dirt":18,"minecraft:wheat_seeds":1,"minecraft:beef":1,"everlastingabilities:ability_bottle":1,"alexsmobs:maggot":1,"minecraft:oak_sapling":6,"minecraft:mutton":4,"minecraft:white_wool":2,"minecraft:cobblestone":66},"minecraft:killed":{"minecraft:sheep":2,"minecraft:pig":3,"minecraft:chicken":1,"minecraft:creeper":1,"minecraft:cow":1},"minecraft:used":{"minecraft:stone_pickaxe":38,"minecraft:wooden_pickaxe":24,"minecraft:stone_axe":18,"minecraft:torch":1,"minecraft:dirt":2},"minecraft:mined":{"minecraft:grass":11,"minecraft:oak_log":16,"minecraft:grass_block":1,"minecraft:dirt":2,"minecraft:stone":62,"minecraft:oak_leaves":7},"minecraft:custom":{"minecraft:time_since_rest":14515,"minecraft:interact_with_furnace":1,"minecraft:sprint_one_cm":51650,"minecraft:walk_one_cm":27285,"minecraft:mob_kills":8,"minecraft:animals_bred":1,"minecraft:damage_dealt":900,"minecraft:interact_with_crafting_table":6,"minecraft:fly_one_cm":6274,"minecraft:crouch_one_cm":768,"minecraft:play_time":14515,"minecraft:sneak_time":245,"minecraft:jump":76,"minecraft:time_since_death":14515,"minecraft:total_world_time":14515}},"DataVersion":3465}