{"stats":{"minecraft:crafted":{"minecraft:oak_planks":16,"minecraft:charcoal":6,"minecraft:crafting_table":1,"minecraft:stick":8,"minecraft:wooden_pickaxe":1,"minecraft:stone_pickaxe":2,"minecraft:stone_sword":1,"minecraft:furnace":2,"minecraft:torch":24,"minecraft:stone_hoe":1,"minecraft:stone_axe":1},"minecraft:picked_up":{"minecraft:stick":10,"minecraft:crafting_table":1,"minecraft:feather":2,"minecraft:chicken":2,"minecraft:porkchop":6,"minecraft:oak_log":32,"minecraft:dirt":8,"minecraft:rotten_flesh":3,"everlastingabilities:ability_totem":2,"everlastingabilities:ability_bottle":1,"minecraft:iron_pickaxe":1,"minecraft:oak_sapling":17,"minecraft:cobblestone":211},"minecraft:killed":{"minecraft:zombie":2,"minecraft:pig":3,"minecraft:chicken":2,"minecraft:salmon":1,"minecraft:squid":1},"minecraft:used":{"minecraft:stone_sword":27,"minecraft:stone_pickaxe":210,"minecraft:wooden_pickaxe":15,"minecraft:stone_axe":31,"minecraft:torch":3,"minecraft:cobblestone":1,"minecraft:crafting_table":2,"minecraft:furnace":2},"minecraft:mined":{"minecraft:seagrass":1,"minecraft:crafting_table":1,"minecraft:grass":1,"minecraft:grass_block":2,"minecraft:oak_log":32,"minecraft:dirt":6,"minecraft:stone":218},"minecraft:broken":{"minecraft:stone_pickaxe":1},"minecraft:custom":{"minecraft:time_since_rest":5590,"minecraft:interact_with_furnace":3,"minecraft:sprint_one_cm":10720,"minecraft:damage_taken":624,"minecraft:walk_one_cm":68124,"minecraft:mob_kills":9,"minecraft:damage_dealt":929,"minecraft:swim_one_cm":30241,"minecraft:interact_with_crafting_table":7,"minecraft:fly_one_cm":2654,"minecraft:deaths":2,"minecraft:play_time":26166,"tombstone:undead_killed":2,"minecraft:walk_under_water_one_cm":11266,"minecraft:jump":117,"minecraft:leave_game":1,"minecraft:walk_on_water_one_cm":5340,"minecraft:time_since_death":5972,"minecraft:total_world_time":26166,"minecraft:fall_one_cm":1566}},"DataVersion":3465}