{"stats":{"minecraft:picked_up":{"minecraft:charcoal":14,"minecraft:stick":17,"minecraft:crafting_table":1,"minecraft:feather":3,"minecraft:chicken":8,"minecraft:pumpkin":8,"minecraft:dandelion":1,"sophisticatedbackpacks:backpack":1,"minecraft:porkchop":25,"minecraft:oak_log":65,"tombstone:grave_dust":2,"minecraft:white_bed":1,"minecraft:cornflower":1,"minecraft:dirt":8,"minecraft:rotten_flesh":5,"minecraft:apple":2,"minecraft:wheat_seeds":3,"minecraft:beef":11,"everlastingabilities:ability_totem":2,"everlastingabilities:ability_bottle":1,"minecraft:iron_pickaxe":1,"minecraft:oak_sapling":31,"minecraft:mutton":21,"minecraft:cobblestone":211,"minecraft:furnace":2},"minecraft:crafted":{"minecraft:cooked_beef":7,"minecraft:oak_planks":16,"minecraft:charcoal":6,"minecraft:cooked_porkchop":25,"minecraft:crafting_table":1,"minecraft:stick":8,"minecraft:wooden_pickaxe":1,"minecraft:stone_pickaxe":2,"minecraft:stone_sword":1,"minecraft:furnace":2,"minecraft:torch":24,"minecraft:stone_hoe":1,"minecraft:stone_axe":1},"minecraft:killed":{"minecraft:zombie":4,"minecraft:pig":9,"minecraft:chicken":3,"minecraft:salmon":1,"minecraft:spider":1,"minecraft:squid":1},"minecraft:used":{"minecraft:apple":2,"minecraft:stone_sword":79,"minecraft:stone_pickaxe":210,"minecraft:wooden_pickaxe":15,"minecraft:stone_axe":90,"minecraft:torch":3,"minecraft:cobblestone":1,"minecraft:crafting_table":2,"minecraft:oak_sapling":1,"minecraft:furnace":4,"tombstone:gift":1,"minecraft:cooked_beef":7},"minecraft:mined":{"minecraft:seagrass":1,"minecraft:pumpkin":8,"minecraft:crafting_table":1,"minecraft:grass":17,"minecraft:grass_block":2,"minecraft:oak_log":72,"minecraft:dirt":6,"minecraft:tall_grass":8,"minecraft:stone":218},"minecraft:broken":{"minecraft:stone_pickaxe":1},"minecraft:custom":{"minecraft:time_since_rest":5241,"minecraft:interact_with_furnace":9,"minecraft:sprint_one_cm":74877,"minecraft:damage_taken":2294,"minecraft:walk_one_cm":208728,"minecraft:mob_kills":19,"minecraft:damage_dealt":2408,"minecraft:player_kills":1,"minecraft:swim_one_cm":30241,"minecraft:interact_with_crafting_table":7,"minecraft:fly_one_cm":19141,"minecraft:open_chest":1,"minecraft:deaths":6,"minecraft:play_time":50166,"tombstone:undead_killed":4,"minecraft:walk_under_water_one_cm":11266,"minecraft:jump":433,"minecraft:leave_game":1,"minecraft:walk_on_water_one_cm":5340,"minecraft:time_since_death":6504,"minecraft:total_world_time":50166,"minecraft:fall_one_cm":3015}},"DataVersion":3465}