{"stats":{"minecraft:picked_up":{"minecraft:stick":10,"minecraft:crafting_table":1,"everlastingabilities:ability_bottle":1,"minecraft:oak_log":32,"minecraft:oak_sapling":17,"minecraft:dirt":4,"minecraft:cobblestone":121},"minecraft:crafted":{"minecraft:stone_sword":1,"minecraft:furnace":2,"minecraft:oak_planks":16,"minecraft:torch":24,"minecraft:charcoal":6,"minecraft:stone_hoe":1,"minecraft:stone_axe":1,"minecraft:crafting_table":1,"minecraft:stick":8,"minecraft:stone_pickaxe":1,"minecraft:wooden_pickaxe":1},"minecraft:used":{"minecraft:stone_axe":31,"minecraft:crafting_table":2,"minecraft:furnace":2,"minecraft:stone_pickaxe":118,"minecraft:wooden_pickaxe":15},"minecraft:mined":{"minecraft:grass_block":2,"minecraft:oak_log":32,"minecraft:dirt":2,"minecraft:stone":129,"minecraft:crafting_table":1},"minecraft:custom":{"minecraft:time_since_rest":14166,"minecraft:interact_with_furnace":3,"minecraft:sprint_one_cm":3282,"minecraft:play_time":14166,"minecraft:damage_taken":10,"minecraft:walk_one_cm":36085,"minecraft:jump":18,"minecraft:leave_game":1,"minecraft:time_since_death":14166,"minecraft:total_world_time":14166,"minecraft:interact_with_crafting_table":5,"minecraft:fall_one_cm":335,"minecraft:fly_one_cm":277}},"DataVersion":3465}